<svg class="scheme-objects-view__scheme-svg" viewBox="0 0 3000 3500" version="1.1">
<g class="scheme-objects-view__station"><circle x="1696" y="2107" cx="1696" cy="2107" r="7" fill="#ffffff"></circle><circle x="1696" y="2107" cx="1696" cy="2107" r="5" fill="#6ac9c8"></circle></g><g class="scheme-objects-view__station"><circle x="1490" y="2107" cx="1490" cy="2107" r="8" fill="#ffffff"></circle><circle x="1490" y="2107" cx="1490" cy="2107" r="5" fill="#6ac9c8"></circle></g><g class="scheme-objects-view__station"><circle x="1296" y="2107" cx="1296" cy="2107" r="7" fill="#ffffff"></circle><circle x="1296" y="2107" cx="1296" cy="2107" r="5" fill="#6ac9c8"></circle></g><g class="scheme-objects-view__station"><circle x="1170" y="2095" cx="1170" cy="2095" r="8" fill="#ffffff"></circle><circle x="1170" y="2095" cx="1170" cy="2095" r="5" fill="#6ac9c8"></circle></g><g class="scheme-objects-view__station"><circle x="1024" y="2053" cx="1024" cy="2053" r="7" fill="#ffffff"></circle><circle x="1024" y="2053" cx="1024" cy="2053" r="5" fill="#6ac9c8"></circle></g><g class="scheme-objects-view__station"><circle x="784" y="1889" cx="784" cy="1889" r="7" fill="#ffffff"></circle><circle x="784" y="1889" cx="784" cy="1889" r="5" fill="#6ac9c8"></circle></g><g class="scheme-objects-view__station"><circle x="675" y="1738" cx="675" cy="1738" r="8" fill="#ffffff"></circle><circle x="675" y="1738" cx="675" cy="1738" r="5" fill="#6ac9c8"></circle></g><g class="scheme-objects-view__station"><circle x="619" y="1604" cx="619" cy="1604" r="8" fill="#ffffff"></circle><circle x="619" y="1604" cx="619" cy="1604" r="5" fill="#6ac9c8"></circle></g><g class="scheme-objects-view__station"><circle x="588" y="1382" cx="588" cy="1382" r="7" fill="#ffffff"></circle><circle x="588" y="1382" cx="588" cy="1382" r="5" fill="#6ac9c8"></circle></g><g class="scheme-objects-view__station"><circle x="651" y="1282" cx="651" cy="1282" r="8" fill="#ffffff"></circle><circle x="651" y="1282" cx="651" cy="1282" r="5" fill="#6ac9c8"></circle></g><g class="scheme-objects-view__station"><circle x="728" y="1257" cx="728" cy="1257" r="8" fill="#ffffff"></circle><circle x="728" y="1257" cx="728" cy="1257" r="5" fill="#6ac9c8"></circle></g><g class="scheme-objects-view__station"><circle x="834" y="1257" cx="834" cy="1257" r="8" fill="#ffffff"></circle><circle x="834" y="1257" cx="834" cy="1257" r="5" fill="#6ac9c8"></circle></g><g class="scheme-objects-view__station"><circle x="420" y="600" cx="420" cy="600" r="8" fill="#ffffff"></circle><circle x="420" y="600" cx="420" cy="600" r="5" fill="#ea4184"></circle></g><g class="scheme-objects-view__station"><circle x="420" y="650" cx="420" cy="650" r="8" fill="#ffffff"></circle><circle x="420" y="650" cx="420" cy="650" r="5" fill="#ea4184"></circle></g><g class="scheme-objects-view__station"><circle x="420" y="700" cx="420" cy="700" r="8" fill="#ffffff"></circle><circle x="420" y="700" cx="420" cy="700" r="5" fill="#ea4184"></circle></g><g class="scheme-objects-view__station"><circle x="420" y="750" cx="420" cy="750" r="8" fill="#ffffff"></circle><circle x="420" y="750" cx="420" cy="750" r="5" fill="#ea4184"></circle></g><g class="scheme-objects-view__station"><circle x="420" y="800" cx="420" cy="800" r="8" fill="#ffffff"></circle><circle x="420" y="800" cx="420" cy="800" r="5" fill="#ea4184"></circle></g><g class="scheme-objects-view__station"><circle x="420" y="850" cx="420" cy="850" r="8" fill="#ffffff"></circle><circle x="420" y="850" cx="420" cy="850" r="5" fill="#ea4184"></circle></g><g class="scheme-objects-view__station"><circle x="550" y="970" cx="550" cy="970" r="7" fill="#ffffff"></circle><circle x="550" y="970" cx="550" cy="970" r="5" fill="#ea4184"></circle></g><g class="scheme-objects-view__station"><circle x="660" y="970" cx="660" cy="970" r="8" fill="#ffffff"></circle><circle x="660" y="970" cx="660" cy="970" r="5" fill="#ea4184"></circle></g><g class="scheme-objects-view__station"><circle x="755" y="970" cx="755" cy="970" r="7" fill="#ffffff"></circle><circle x="755" y="970" cx="755" cy="970" r="5" fill="#ea4184"></circle></g><g class="scheme-objects-view__station"><circle x="853" y="970" cx="853" cy="970" r="7" fill="#ffffff"></circle><circle x="853" y="970" cx="853" cy="970" r="5" fill="#ea4184"></circle></g><g class="scheme-objects-view__station"><circle x="973" y="970" cx="973" cy="970" r="7" fill="#ffffff"></circle><circle x="973" y="970" cx="973" cy="970" r="5" fill="#ea4184"></circle></g><g class="scheme-objects-view__station"><circle x="1100" y="970" cx="1100" cy="970" r="8" fill="#ffffff"></circle><circle x="1100" y="970" cx="1100" cy="970" r="5" fill="#ea4184"></circle></g><g class="scheme-objects-view__station"><circle x="1217" y="970" cx="1217" cy="970" r="8" fill="#ffffff"></circle><circle x="1217" y="970" cx="1217" cy="970" r="5" fill="#ea4184"></circle></g><g class="scheme-objects-view__station"><circle x="1330" y="970" cx="1330" cy="970" r="7" fill="#ffffff"></circle><circle x="1330" y="970" cx="1330" cy="970" r="6" fill="#333333"></circle></g><g class="scheme-objects-view__station"><circle x="1702" y="1057" cx="1702" cy="1057" r="8" fill="#ffffff"></circle><circle x="1702" y="1057" cx="1702" cy="1057" r="6" fill="#333333"></circle></g><g class="scheme-objects-view__station"><circle x="1810" y="1165" cx="1810" cy="1165" r="7" fill="#ffffff"></circle><circle x="1810" y="1165" cx="1810" cy="1165" r="6" fill="#333333"></circle></g><g class="scheme-objects-view__station"><circle x="1883" y="1388" cx="1883" cy="1388" r="7" fill="#ffffff"></circle><circle x="1883" y="1388" cx="1883" cy="1388" r="6" fill="#333333"></circle></g><g class="scheme-objects-view__station"><circle x="1980" y="1485" cx="1980" cy="1485" r="7" fill="#ffffff"></circle><circle x="1980" y="1485" cx="1980" cy="1485" r="5" fill="#ea4184"></circle></g><g class="scheme-objects-view__station"><circle x="2045" y="1550" cx="2045" cy="1550" r="8" fill="#ffffff"></circle><circle x="2045" y="1550" cx="2045" cy="1550" r="5" fill="#ea4184"></circle></g><g class="scheme-objects-view__station"><circle x="2095" y="1600" cx="2095" cy="1600" r="7" fill="#ffffff"></circle><circle x="2095" y="1600" cx="2095" cy="1600" r="5" fill="#ea4184"></circle></g><g class="scheme-objects-view__station"><circle x="2136" y="1660" cx="2136" cy="1660" r="7" fill="#ffffff"></circle><circle x="2136" y="1660" cx="2136" cy="1660" r="5" fill="#ea4184"></circle></g><g class="scheme-objects-view__station"><circle x="2136" y="1930" cx="2136" cy="1930" r="8" fill="#ffffff"></circle><circle x="2136" y="1930" cx="2136" cy="1930" r="5" fill="#ea4184"></circle></g><g class="scheme-objects-view__station"><circle x="2136" y="2000" cx="2136" cy="2000" r="8" fill="#ffffff"></circle><circle x="2136" y="2000" cx="2136" cy="2000" r="5" fill="#ea4184"></circle></g><g class="scheme-objects-view__station"><circle x="2136" y="2060" cx="2136" cy="2060" r="8" fill="#ffffff"></circle><circle x="2136" y="2060" cx="2136" cy="2060" r="5" fill="#ea4184"></circle></g><g class="scheme-objects-view__station"><circle x="2136" y="2120" cx="2136" cy="2120" r="8" fill="#ffffff"></circle><circle x="2136" y="2120" cx="2136" cy="2120" r="5" fill="#ea4184"></circle></g><g class="scheme-objects-view__station"><circle x="2136" y="2180" cx="2136" cy="2180" r="8" fill="#ffffff"></circle><circle x="2136" y="2180" cx="2136" cy="2180" r="5" fill="#ea4184"></circle></g><g class="scheme-objects-view__station"><circle x="1965" y="2228" cx="1965" cy="2228" r="7" fill="#ffffff"></circle><circle x="1965" y="2228" cx="1965" cy="2228" r="5" fill="#ea4184"></circle></g><g class="scheme-objects-view__station"><circle x="1898" y="2320" cx="1898" cy="2320" r="8" fill="#ffffff"></circle><circle x="1898" y="2320" cx="1898" cy="2320" r="5" fill="#ea4184"></circle></g><g class="scheme-objects-view__station"><circle x="1898" y="2380" cx="1898" cy="2380" r="8" fill="#ffffff"></circle><circle x="1898" y="2380" cx="1898" cy="2380" r="5" fill="#ea4184"></circle></g><g class="scheme-objects-view__station"><circle x="1898" y="2440" cx="1898" cy="2440" r="8" fill="#ffffff"></circle><circle x="1898" y="2440" cx="1898" cy="2440" r="5" fill="#ea4184"></circle></g><g class="scheme-objects-view__station"><circle x="1898" y="2500" cx="1898" cy="2500" r="8" fill="#ffffff"></circle><circle x="1898" y="2500" cx="1898" cy="2500" r="5" fill="#ea4184"></circle></g><g class="scheme-objects-view__station"><circle x="1898" y="2560" cx="1898" cy="2560" r="8" fill="#ffffff"></circle><circle x="1898" y="2560" cx="1898" cy="2560" r="5" fill="#ea4184"></circle></g><g class="scheme-objects-view__station"><circle x="1898" y="2620" cx="1898" cy="2620" r="8" fill="#ffffff"></circle><circle x="1898" y="2620" cx="1898" cy="2620" r="5" fill="#ea4184"></circle></g><g class="scheme-objects-view__station"><circle x="1898" y="2680" cx="1898" cy="2680" r="8" fill="#ffffff"></circle><circle x="1898" y="2680" cx="1898" cy="2680" r="5" fill="#ea4184"></circle></g><g class="scheme-objects-view__station"><circle x="1898" y="2740" cx="1898" cy="2740" r="8" fill="#ffffff"></circle><circle x="1898" y="2740" cx="1898" cy="2740" r="5" fill="#ea4184"></circle></g><g class="scheme-objects-view__station"><circle x="1892" y="873" cx="1892" cy="873" r="7" fill="#ffffff"></circle><circle x="1892" y="873" cx="1892" cy="873" r="5" fill="#da2128"></circle></g><g class="scheme-objects-view__station"><circle x="1956" y="937" cx="1956" cy="937" r="7" fill="#ffffff"></circle><circle x="1956" y="937" cx="1956" cy="937" r="5" fill="#da2128"></circle></g><g class="scheme-objects-view__station"><circle x="1928" y="1009" cx="1928" cy="1009" r="8" fill="#ffffff"></circle><circle x="1928" y="1009" cx="1928" cy="1009" r="5" fill="#da2128"></circle></g><g class="scheme-objects-view__station"><circle x="1881" y="1056" cx="1881" cy="1056" r="8" fill="#ffffff"></circle><circle x="1881" y="1056" cx="1881" cy="1056" r="5" fill="#da2128"></circle></g><g class="scheme-objects-view__station"><circle x="1834" y="1104" cx="1834" cy="1104" r="8" fill="#ffffff"></circle><circle x="1834" y="1104" cx="1834" cy="1104" r="5" fill="#da2128"></circle></g><g class="scheme-objects-view__station"><circle x="1743" y="1197" cx="1743" cy="1197" r="7" fill="#ffffff"></circle><circle x="1743" y="1197" cx="1743" cy="1197" r="5" fill="#da2128"></circle></g><g class="scheme-objects-view__station"><circle x="1704" y="1237" cx="1704" cy="1237" r="8" fill="#ffffff"></circle><circle x="1704" y="1237" cx="1704" cy="1237" r="5" fill="#da2128"></circle></g><g class="scheme-objects-view__station"><circle x="1650" y="1291" cx="1650" cy="1291" r="7" fill="#ffffff"></circle><circle x="1650" y="1291" cx="1650" cy="1291" r="5" fill="#da2128"></circle></g><g class="scheme-objects-view__station"><circle x="1578" y="1363" cx="1578" cy="1363" r="7" fill="#ffffff"></circle><circle x="1578" y="1363" cx="1578" cy="1363" r="5" fill="#da2128"></circle></g><g class="scheme-objects-view__station"><circle x="1508" y="1433" cx="1508" cy="1433" r="7" fill="#ffffff"></circle><circle x="1508" y="1433" cx="1508" cy="1433" r="5" fill="#da2128"></circle></g><g class="scheme-objects-view__station"><circle x="1379" y="1562" cx="1379" cy="1562" r="7" fill="#ffffff"></circle><circle x="1379" y="1562" cx="1379" cy="1562" r="5" fill="#da2128"></circle></g><g class="scheme-objects-view__station"><circle x="1306" y="1634" cx="1306" cy="1634" r="8" fill="#ffffff"></circle><circle x="1306" y="1634" cx="1306" cy="1634" r="5" fill="#da2128"></circle></g><g class="scheme-objects-view__station"><circle x="1258" y="1680" cx="1258" cy="1680" r="7" fill="#ffffff"></circle><circle x="1258" y="1680" cx="1258" cy="1680" r="5" fill="#da2128"></circle></g><g class="scheme-objects-view__station"><circle x="1188" y="1749" cx="1188" cy="1749" r="8" fill="#ffffff"></circle><circle x="1188" y="1749" cx="1188" cy="1749" r="5" fill="#da2128"></circle></g><g class="scheme-objects-view__station"><circle x="1143" y="1794" cx="1143" cy="1794" r="7" fill="#ffffff"></circle><circle x="1143" y="1794" cx="1143" cy="1794" r="5" fill="#da2128"></circle></g><g class="scheme-objects-view__station"><circle x="1075" y="1862" cx="1075" cy="1862" r="8" fill="#ffffff"></circle><circle x="1075" y="1862" cx="1075" cy="1862" r="5" fill="#da2128"></circle></g><g class="scheme-objects-view__station"><circle x="1048" y="1950" cx="1048" cy="1950" r="8" fill="#ffffff"></circle><circle x="1048" y="1950" cx="1048" cy="1950" r="5" fill="#da2128"></circle></g><g class="scheme-objects-view__station"><circle x="1048" y="2053" cx="1048" cy="2053" r="7" fill="#ffffff"></circle><circle x="1048" y="2053" cx="1048" cy="2053" r="5" fill="#da2128"></circle></g><g class="scheme-objects-view__station"><circle x="1048" y="2157" cx="1048" cy="2157" r="8" fill="#ffffff"></circle><circle x="1048" y="2157" cx="1048" cy="2157" r="5" fill="#da2128"></circle></g><g class="scheme-objects-view__station"><circle x="1048" y="2207" cx="1048" cy="2207" r="8" fill="#ffffff"></circle><circle x="1048" y="2207" cx="1048" cy="2207" r="5" fill="#da2128"></circle></g><g class="scheme-objects-view__station"><circle x="1048" y="2257" cx="1048" cy="2257" r="8" fill="#ffffff"></circle><circle x="1048" y="2257" cx="1048" cy="2257" r="5" fill="#da2128"></circle></g><g class="scheme-objects-view__station"><circle x="1048" y="2307" cx="1048" cy="2307" r="8" fill="#ffffff"></circle><circle x="1048" y="2307" cx="1048" cy="2307" r="5" fill="#da2128"></circle></g><g class="scheme-objects-view__station"><circle x="1070" y="2398" cx="1070" cy="2398" r="8" fill="#ffffff"></circle><circle x="1070" y="2398" cx="1070" cy="2398" r="5" fill="#da2128"></circle></g><g class="scheme-objects-view__station"><circle x="1120" y="2448" cx="1120" cy="2448" r="8" fill="#ffffff"></circle><circle x="1120" y="2448" cx="1120" cy="2448" r="5" fill="#da2128"></circle></g><g class="scheme-objects-view__station"><circle x="1170" y="2498" cx="1170" cy="2498" r="8" fill="#ffffff"></circle><circle x="1170" y="2498" cx="1170" cy="2498" r="5" fill="#da2128"></circle></g><g class="scheme-objects-view__station"><circle x="1220" y="2548" cx="1220" cy="2548" r="8" fill="#ffffff"></circle><circle x="1220" y="2548" cx="1220" cy="2548" r="5" fill="#da2128"></circle></g><g class="scheme-objects-view__station"><circle x="896" y="518" cx="896" cy="518" r="8" fill="#ffffff"></circle><circle x="896" y="518" cx="896" cy="518" r="5" fill="#48b85e"></circle></g><g class="scheme-objects-view__station"><circle x="896" y="613" cx="896" cy="613" r="8" fill="#ffffff"></circle><circle x="896" y="613" cx="896" cy="613" r="5" fill="#48b85e"></circle></g><g class="scheme-objects-view__station"><circle x="896" y="708" cx="896" cy="708" r="8" fill="#ffffff"></circle><circle x="896" y="708" cx="896" cy="708" r="5" fill="#48b85e"></circle></g><g class="scheme-objects-view__station"><circle x="896" y="803" cx="896" cy="803" r="8" fill="#ffffff"></circle><circle x="896" y="803" cx="896" cy="803" r="5" fill="#48b85e"></circle></g><g class="scheme-objects-view__station"><circle x="973" y="919" cx="973" cy="919" r="7" fill="#ffffff"></circle><circle x="973" y="919" cx="973" cy="919" r="5" fill="#48b85e"></circle></g><g class="scheme-objects-view__station"><circle x="1068" y="1013" cx="1068" cy="1013" r="8" fill="#ffffff"></circle><circle x="1068" y="1013" cx="1068" cy="1013" r="5" fill="#48b85e"></circle></g><g class="scheme-objects-view__station"><circle x="1104" y="1049" cx="1104" cy="1049" r="8" fill="#ffffff"></circle><circle x="1104" y="1049" cx="1104" cy="1049" r="5" fill="#48b85e"></circle></g><g class="scheme-objects-view__station"><circle x="1150" y="1095" cx="1150" cy="1095" r="7" fill="#ffffff"></circle><circle x="1150" y="1095" cx="1150" cy="1095" r="5" fill="#48b85e"></circle></g><g class="scheme-objects-view__station"><circle x="1253" y="1198" cx="1253" cy="1198" r="7" fill="#ffffff"></circle><circle x="1253" y="1198" cx="1253" cy="1198" r="5" fill="#48b85e"></circle></g><g class="scheme-objects-view__station"><circle x="1304" y="1249" cx="1304" cy="1249" r="8" fill="#ffffff"></circle><circle x="1304" y="1249" cx="1304" cy="1249" r="5" fill="#48b85e"></circle></g><g class="scheme-objects-view__station"><circle x="1380" y="1329" cx="1380" cy="1329" r="7" fill="#ffffff"></circle><circle x="1380" y="1329" cx="1380" cy="1329" r="5" fill="#48b85e"></circle></g><g class="scheme-objects-view__station"><circle x="1508" y="1457" cx="1508" cy="1457" r="7" fill="#ffffff"></circle><circle x="1508" y="1457" cx="1508" cy="1457" r="5" fill="#48b85e"></circle></g><g class="scheme-objects-view__station"><circle x="1636" y="1585" cx="1636" cy="1585" r="7" fill="#ffffff"></circle><circle x="1636" y="1585" cx="1636" cy="1585" r="5" fill="#48b85e"></circle></g><g class="scheme-objects-view__station"><circle x="1736" y="1686" cx="1736" cy="1686" r="7" fill="#ffffff"></circle><circle x="1736" y="1686" cx="1736" cy="1686" r="5" fill="#48b85e"></circle></g><g class="scheme-objects-view__station"><circle x="1853" y="1798" cx="1853" cy="1798" r="7" fill="#ffffff"></circle><circle x="1853" y="1798" cx="1853" cy="1798" r="5" fill="#48b85e"></circle></g><g class="scheme-objects-view__station"><circle x="1898" y="1866" cx="1898" cy="1866" r="8" fill="#ffffff"></circle><circle x="1898" y="1866" cx="1898" cy="1866" r="5" fill="#48b85e"></circle></g><g class="scheme-objects-view__station"><circle x="1898" y="1956" cx="1898" cy="1956" r="8" fill="#ffffff"></circle><circle x="1898" y="1956" cx="1898" cy="1956" r="5" fill="#48b85e"></circle></g><g class="scheme-objects-view__station"><circle x="1898" y="2046" cx="1898" cy="2046" r="7" fill="#ffffff"></circle><circle x="1898" y="2046" cx="1898" cy="2046" r="6" fill="#333333"></circle></g><g class="scheme-objects-view__station"><circle x="1920" y="2150" cx="1920" cy="2150" r="8" fill="#ffffff"></circle><circle x="1920" y="2150" cx="1920" cy="2150" r="5" fill="#48b85e"></circle></g><g class="scheme-objects-view__station"><circle x="1965" y="2195" cx="1965" cy="2195" r="7" fill="#ffffff"></circle><circle x="1965" y="2195" cx="1965" cy="2195" r="5" fill="#48b85e"></circle></g><g class="scheme-objects-view__station"><circle x="2035" y="2265" cx="2035" cy="2265" r="8" fill="#ffffff"></circle><circle x="2035" y="2265" cx="2035" cy="2265" r="5" fill="#48b85e"></circle></g><g class="scheme-objects-view__station"><circle x="2117" y="2325" cx="2117" cy="2325" r="8" fill="#ffffff"></circle><circle x="2117" y="2325" cx="2117" cy="2325" r="5" fill="#48b85e"></circle></g><g class="scheme-objects-view__station"><circle x="2223" y="2325" cx="2223" cy="2325" r="7" fill="#ffffff"></circle><circle x="2223" y="2325" cx="2223" cy="2325" r="5" fill="#48b85e"></circle></g><g class="scheme-objects-view__station"><circle x="2370" y="2325" cx="2370" cy="2325" r="8" fill="#ffffff"></circle><circle x="2370" y="2325" cx="2370" cy="2325" r="5" fill="#48b85e"></circle></g><g class="scheme-objects-view__station"><circle x="2237" y="930" cx="2237" cy="930" r="8" fill="#ffffff"></circle><circle x="2237" y="930" cx="2237" cy="930" r="5" fill="#0078bf"></circle></g><g class="scheme-objects-view__station"><circle x="2237" y="1010" cx="2237" cy="1010" r="8" fill="#ffffff"></circle><circle x="2237" y="1010" cx="2237" cy="1010" r="5" fill="#0078bf"></circle></g><g class="scheme-objects-view__station"><circle x="2196" y="1096" cx="2196" cy="1096" r="8" fill="#ffffff"></circle><circle x="2196" y="1096" cx="2196" cy="1096" r="5" fill="#0078bf"></circle></g><g class="scheme-objects-view__station"><circle x="2138" y="1154" cx="2138" cy="1154" r="7" fill="#ffffff"></circle><circle x="2138" y="1154" cx="2138" cy="1154" r="5" fill="#0078bf"></circle></g><g class="scheme-objects-view__station"><circle x="2082" y="1210" cx="2082" cy="1210" r="8" fill="#ffffff"></circle><circle x="2082" y="1210" cx="2082" cy="1210" r="5" fill="#0078bf"></circle></g><g class="scheme-objects-view__station"><circle x="2030" y="1262" cx="2030" cy="1262" r="7" fill="#ffffff"></circle><circle x="2030" y="1262" cx="2030" cy="1262" r="5" fill="#0078bf"></circle></g><g class="scheme-objects-view__station"><circle x="1963" y="1329" cx="1963" cy="1329" r="8" fill="#ffffff"></circle><circle x="1963" y="1329" cx="1963" cy="1329" r="5" fill="#0078bf"></circle></g><g class="scheme-objects-view__station"><circle x="1883" y="1409" cx="1883" cy="1409" r="7" fill="#ffffff"></circle><circle x="1883" y="1409" cx="1883" cy="1409" r="5" fill="#0078bf"></circle></g><g class="scheme-objects-view__station"><circle x="1508" y="1481" cx="1508" cy="1481" r="7" fill="#ffffff"></circle><circle x="1508" y="1481" cx="1508" cy="1481" r="5" fill="#0078bf"></circle></g><g class="scheme-objects-view__station"><circle x="1357" y="1541" cx="1357" cy="1541" r="7" fill="#ffffff"></circle><circle x="1357" y="1541" cx="1357" cy="1541" r="5" fill="#0078bf"></circle></g><g class="scheme-objects-view__station"><circle x="1207" y="1541" cx="1207" cy="1541" r="8" fill="#ffffff"></circle><circle x="1207" y="1541" cx="1207" cy="1541" r="5" fill="#0078bf"></circle></g><g class="scheme-objects-view__station"><circle x="1129" y="1541" cx="1129" cy="1541" r="7" fill="#ffffff"></circle><circle x="1129" y="1541" cx="1129" cy="1541" r="5" fill="#0078bf"></circle></g><g class="scheme-objects-view__station"><circle x="804" y="1669" cx="804" cy="1669" r="7" fill="#ffffff"></circle><circle x="804" y="1669" cx="804" cy="1669" r="5" fill="#0078bf"></circle></g><g class="scheme-objects-view__station"><circle x="645" y="1510" cx="645" cy="1510" r="7" fill="#ffffff"></circle><circle x="645" y="1510" cx="645" cy="1510" r="5" fill="#0078bf"></circle></g><g class="scheme-objects-view__station"><circle x="575" y="1365" cx="575" cy="1365" r="7" fill="#ffffff"></circle><circle x="575" y="1365" cx="575" cy="1365" r="5" fill="#0078bf"></circle></g><g class="scheme-objects-view__station"><circle x="575" y="1234" cx="575" cy="1234" r="8" fill="#ffffff"></circle><circle x="575" y="1234" cx="575" cy="1234" r="5" fill="#0078bf"></circle></g><g class="scheme-objects-view__station"><circle x="575" y="1172" cx="575" cy="1172" r="8" fill="#ffffff"></circle><circle x="575" y="1172" cx="575" cy="1172" r="5" fill="#0078bf"></circle></g><g class="scheme-objects-view__station"><circle x="575" y="1110" cx="575" cy="1110" r="8" fill="#ffffff"></circle><circle x="575" y="1110" cx="575" cy="1110" r="5" fill="#0078bf"></circle></g><g class="scheme-objects-view__station"><circle x="575" y="1048" cx="575" cy="1048" r="8" fill="#ffffff"></circle><circle x="575" y="1048" cx="575" cy="1048" r="5" fill="#0078bf"></circle></g><g class="scheme-objects-view__station"><circle x="575" y="945" cx="575" cy="945" r="7" fill="#ffffff"></circle><circle x="575" y="945" cx="575" cy="945" r="5" fill="#0078bf"></circle></g><g class="scheme-objects-view__station"><circle x="575" y="850" cx="575" cy="850" r="8" fill="#ffffff"></circle><circle x="575" y="850" cx="575" cy="850" r="5" fill="#0078bf"></circle></g><g class="scheme-objects-view__station"><circle x="575" y="770" cx="575" cy="770" r="8" fill="#ffffff"></circle><circle x="575" y="770" cx="575" cy="770" r="5" fill="#0078bf"></circle></g><g class="scheme-objects-view__station"><circle x="600" y="1365" cx="600" cy="1365" r="7" fill="#ffffff"></circle><circle x="600" y="1365" cx="600" cy="1365" r="5" fill="#00c1f3"></circle></g><g class="scheme-objects-view__station"><circle x="655" y="1420" cx="655" cy="1420" r="8" fill="#ffffff"></circle><circle x="655" y="1420" cx="655" cy="1420" r="5" fill="#00c1f3"></circle></g><g class="scheme-objects-view__station"><circle x="710" y="1475" cx="710" cy="1475" r="8" fill="#ffffff"></circle><circle x="710" y="1475" cx="710" cy="1475" r="5" fill="#00c1f3"></circle></g><g class="scheme-objects-view__station"><circle x="765" y="1530" cx="765" cy="1530" r="8" fill="#ffffff"></circle><circle x="765" y="1530" cx="765" cy="1530" r="5" fill="#00c1f3"></circle></g><g class="scheme-objects-view__station"><circle x="815" y="1580" cx="815" cy="1580" r="7" fill="#ffffff"></circle><circle x="815" y="1580" cx="815" cy="1580" r="5" fill="#00c1f3"></circle></g><g class="scheme-objects-view__station"><circle x="934" y="1617" cx="934" cy="1617" r="7" fill="#ffffff"></circle><circle x="934" y="1617" cx="934" cy="1617" r="5" fill="#00c1f3"></circle></g><g class="scheme-objects-view__station"><circle x="994" y="1557" cx="994" cy="1557" r="8" fill="#ffffff"></circle><circle x="994" y="1557" cx="994" cy="1557" r="5" fill="#00c1f3"></circle></g><g class="scheme-objects-view__station"><circle x="1129" y="1517" cx="1129" cy="1517" r="7" fill="#ffffff"></circle><circle x="1129" y="1517" cx="1129" cy="1517" r="5" fill="#00c1f3"></circle><circle x="1129" y="1517" cx="1129" cy="1517" r="7" fill="#ffffff"></circle><circle x="1129" y="1517" cx="1129" cy="1517" r="5" fill="#00c1f3"></circle></g><g class="scheme-objects-view__station"><circle x="1207" y="1481" cx="1207" cy="1481" r="5" fill="#ffffff"></circle><circle x="1207" y="1481" cx="1207" cy="1481" r="5" fill="#00c1f3"></circle><circle x="1207" y="1481" cx="1207" cy="1481" r="5" fill="#ffffff"></circle><circle x="1207" y="1481" cx="1207" cy="1481" r="5" fill="#00c1f3"></circle></g><g class="scheme-objects-view__station"><circle x="1284" y="1481" cx="1284" cy="1481" r="5" fill="#ffffff"></circle><circle x="1284" y="1481" cx="1284" cy="1481" r="5" fill="#00c1f3"></circle><circle x="1284" y="1481" cx="1284" cy="1481" r="5" fill="#ffffff"></circle><circle x="1284" y="1481" cx="1284" cy="1481" r="5" fill="#00c1f3"></circle></g><g class="scheme-objects-view__station"><circle x="1379" y="1541" cx="1379" cy="1541" r="7" fill="#ffffff"></circle><circle x="1379" y="1541" cx="1379" cy="1541" r="5" fill="#00c1f3"></circle><circle x="1379" y="1541" cx="1379" cy="1541" r="7" fill="#ffffff"></circle><circle x="1379" y="1541" cx="1379" cy="1541" r="5" fill="#00c1f3"></circle></g><g class="scheme-objects-view__station"><circle x="907" y="1387" cx="907" cy="1387" r="7" fill="#ffffff"></circle><circle x="907" y="1387" cx="907" cy="1387" r="5" fill="#00c1f3"></circle></g><g class="scheme-objects-view__station"><circle x="973" y="1453" cx="973" cy="1453" r="7" fill="#ffffff"></circle><circle x="973" y="1453" cx="973" cy="1453" r="5" fill="#00c1f3"></circle></g><g class="scheme-objects-view__station"><circle x="1243" y="1695" cx="1243" cy="1695" r="7" fill="#ffffff"></circle><circle x="1243" y="1695" cx="1243" cy="1695" r="5" fill="#894e35"></circle></g><g class="scheme-objects-view__station"><circle x="1407" y="1789" cx="1407" cy="1789" r="7" fill="#ffffff"></circle><circle x="1407" y="1789" cx="1407" cy="1789" r="5" fill="#894e35"></circle></g><g class="scheme-objects-view__station"><circle x="1587" y="1792" cx="1587" cy="1792" r="7" fill="#ffffff"></circle><circle x="1587" y="1792" cx="1587" cy="1792" r="5" fill="#894e35"></circle></g><g class="scheme-objects-view__station"><circle x="1751" y="1700" cx="1751" cy="1700" r="7" fill="#ffffff"></circle><circle x="1751" y="1700" cx="1751" cy="1700" r="5" fill="#894e35"></circle></g><g class="scheme-objects-view__station"><circle x="1829" y="1596" cx="1829" cy="1596" r="7" fill="#ffffff"></circle><circle x="1829" y="1596" cx="1829" cy="1596" r="5" fill="#894e35"></circle></g><g class="scheme-objects-view__station"><circle x="1862" y="1388" cx="1862" cy="1388" r="7" fill="#ffffff"></circle><circle x="1862" y="1388" cx="1862" cy="1388" r="5" fill="#894e35"></circle></g><g class="scheme-objects-view__station"><circle x="1758" y="1182" cx="1758" cy="1182" r="7" fill="#ffffff"></circle><circle x="1758" y="1182" cx="1758" cy="1182" r="5" fill="#894e35"></circle></g><g class="scheme-objects-view__station"><circle x="1672" y="1115" cx="1672" cy="1115" r="7" fill="#ffffff"></circle><circle x="1672" y="1115" cx="1672" cy="1115" r="5" fill="#894e35"></circle></g><g class="scheme-objects-view__station"><circle x="1396" y="1088" cx="1396" cy="1088" r="7" fill="#ffffff"></circle><circle x="1396" y="1088" cx="1396" cy="1088" r="5" fill="#894e35"></circle></g><g class="scheme-objects-view__station"><circle x="1238" y="1183" cx="1238" cy="1183" r="7" fill="#ffffff"></circle><circle x="1238" y="1183" cx="1238" cy="1183" r="5" fill="#894e35"></circle></g><g class="scheme-objects-view__station"><circle x="1147" y="1349" cx="1147" cy="1349" r="7" fill="#ffffff"></circle><circle x="1147" y="1349" cx="1147" cy="1349" r="5" fill="#894e35"></circle></g><g class="scheme-objects-view__station"><circle x="1147" y="1529" cx="1147" cy="1529" r="7" fill="#ffffff"></circle><circle x="1147" y="1529" cx="1147" cy="1529" r="5" fill="#894e35"></circle></g><g class="scheme-objects-view__station"><circle x="1672" y="557" cx="1672" cy="557" r="8" fill="#ffffff"></circle><circle x="1672" y="557" cx="1672" cy="557" r="5" fill="#f58220"></circle></g><g class="scheme-objects-view__station"><circle x="1672" y="601" cx="1672" cy="601" r="8" fill="#ffffff"></circle><circle x="1672" y="601" cx="1672" cy="601" r="5" fill="#f58220"></circle></g><g class="scheme-objects-view__station"><circle x="1672" y="649" cx="1672" cy="649" r="8" fill="#ffffff"></circle><circle x="1672" y="649" cx="1672" cy="649" r="5" fill="#f58220"></circle></g><g class="scheme-objects-view__station"><circle x="1672" y="695" cx="1672" cy="695" r="7" fill="#ffffff"></circle><circle x="1672" y="695" cx="1672" cy="695" r="5" fill="#f58220"></circle></g><g class="scheme-objects-view__station"><circle x="1672" y="830" cx="1672" cy="830" r="8" fill="#ffffff"></circle><circle x="1672" y="830" cx="1672" cy="830" r="5" fill="#f58220"></circle></g><g class="scheme-objects-view__station"><circle x="1672" y="930" cx="1672" cy="930" r="8" fill="#ffffff"></circle><circle x="1672" y="930" cx="1672" cy="930" r="5" fill="#f58220"></circle></g><g class="scheme-objects-view__station"><circle x="1672" y="1057" cx="1672" cy="1057" r="8" fill="#ffffff"></circle><circle x="1672" y="1057" cx="1672" cy="1057" r="6" fill="#333333"></circle></g><g class="scheme-objects-view__station"><circle x="1672" y="1095" cx="1672" cy="1095" r="7" fill="#ffffff"></circle><circle x="1672" y="1095" cx="1672" cy="1095" r="5" fill="#f58220"></circle></g><g class="scheme-objects-view__station"><circle x="1672" y="1201" cx="1672" cy="1201" r="8" fill="#ffffff"></circle><circle x="1672" y="1201" cx="1672" cy="1201" r="5" fill="#f58220"></circle></g><g class="scheme-objects-view__station"><circle x="1672" y="1296" cx="1672" cy="1296" r="7" fill="#ffffff"></circle><circle x="1672" y="1296" cx="1672" cy="1296" r="5" fill="#f58220"></circle></g><g class="scheme-objects-view__station"><circle x="1672" y="1410" cx="1672" cy="1410" r="7" fill="#ffffff"></circle><circle x="1672" y="1410" cx="1672" cy="1410" r="5" fill="#f58220"></circle></g><g class="scheme-objects-view__station"><circle x="1612" y="1585" cx="1612" cy="1585" r="7" fill="#ffffff"></circle><circle x="1612" y="1585" cx="1612" cy="1585" r="5" fill="#f58220"></circle></g><g class="scheme-objects-view__station"><circle x="1422" y="1774" cx="1422" cy="1774" r="7" fill="#ffffff"></circle><circle x="1422" y="1774" cx="1422" cy="1774" r="5" fill="#f58220"></circle></g><g class="scheme-objects-view__station"><circle x="1352" y="1845" cx="1352" cy="1845" r="8" fill="#ffffff"></circle><circle x="1352" y="1845" cx="1352" cy="1845" r="5" fill="#f58220"></circle></g><g class="scheme-objects-view__station"><circle x="1320" y="1891" cx="1320" cy="1891" r="7" fill="#ffffff"></circle><circle x="1320" y="1891" cx="1320" cy="1891" r="5" fill="#f58220"></circle></g><g class="scheme-objects-view__station"><circle x="1320" y="1953" cx="1320" cy="1953" r="8" fill="#ffffff"></circle><circle x="1320" y="1953" cx="1320" cy="1953" r="5" fill="#f58220"></circle></g><g class="scheme-objects-view__station"><circle x="1320" y="2001" cx="1320" cy="2001" r="8" fill="#ffffff"></circle><circle x="1320" y="2001" cx="1320" cy="2001" r="5" fill="#f58220"></circle></g><g class="scheme-objects-view__station"><circle x="1320" y="2050" cx="1320" cy="2050" r="8" fill="#ffffff"></circle><circle x="1320" y="2050" cx="1320" cy="2050" r="5" fill="#f58220"></circle></g><g class="scheme-objects-view__station"><circle x="1320" y="2107" cx="1320" cy="2107" r="7" fill="#ffffff"></circle><circle x="1320" y="2107" cx="1320" cy="2107" r="5" fill="#f58220"></circle></g><g class="scheme-objects-view__station"><circle x="1320" y="2157" cx="1320" cy="2157" r="8" fill="#ffffff"></circle><circle x="1320" y="2157" cx="1320" cy="2157" r="5" fill="#f58220"></circle></g><g class="scheme-objects-view__station"><circle x="1320" y="2207" cx="1320" cy="2207" r="8" fill="#ffffff"></circle><circle x="1320" y="2207" cx="1320" cy="2207" r="5" fill="#f58220"></circle></g><g class="scheme-objects-view__station"><circle x="1340" y="2257" cx="1340" cy="2257" r="8" fill="#ffffff"></circle><circle x="1340" y="2257" cx="1340" cy="2257" r="5" fill="#f58220"></circle></g><g class="scheme-objects-view__station"><circle x="1375" y="2292" cx="1375" cy="2292" r="8" fill="#ffffff"></circle><circle x="1375" y="2292" cx="1375" cy="2292" r="5" fill="#f58220"></circle></g><g class="scheme-objects-view__station"><circle x="1415" y="2332" cx="1415" cy="2332" r="7" fill="#ffffff"></circle><circle x="1415" y="2332" cx="1415" cy="2332" r="5" fill="#f58220"></circle></g><g class="scheme-objects-view__station"><circle x="700" y="770" cx="700" cy="770" r="8" fill="#ffffff"></circle><circle x="700" y="770" cx="700" cy="770" r="5" fill="#8e479b"></circle></g><g class="scheme-objects-view__station"><circle x="700" y="850" cx="700" cy="850" r="8" fill="#ffffff"></circle><circle x="700" y="850" cx="700" cy="850" r="5" fill="#8e479b"></circle></g><g class="scheme-objects-view__station"><circle x="755" y="934" cx="755" cy="934" r="7" fill="#ffffff"></circle><circle x="755" y="934" cx="755" cy="934" r="5" fill="#8e479b"></circle></g><g class="scheme-objects-view__station"><circle x="815" y="994" cx="815" cy="994" r="8" fill="#ffffff"></circle><circle x="815" y="994" cx="815" cy="994" r="5" fill="#8e479b"></circle></g><g class="scheme-objects-view__station"><circle x="853" y="1032" cx="853" cy="1032" r="7" fill="#ffffff"></circle><circle x="853" y="1032" cx="853" cy="1032" r="5" fill="#8e479b"></circle></g><g class="scheme-objects-view__station"><circle x="891" y="1095" cx="891" cy="1095" r="7" fill="#ffffff"></circle><circle x="891" y="1095" cx="891" cy="1095" r="5" fill="#8e479b"></circle></g><g class="scheme-objects-view__station"><circle x="933" y="1198" cx="933" cy="1198" r="7" fill="#ffffff"></circle><circle x="933" y="1198" cx="933" cy="1198" r="5" fill="#8e479b"></circle></g><g class="scheme-objects-view__station"><circle x="1030" y="1295" cx="1030" cy="1295" r="7" fill="#ffffff"></circle><circle x="1030" y="1295" cx="1030" cy="1295" r="5" fill="#8e479b"></circle></g><g class="scheme-objects-view__station"><circle x="1070" y="1335" cx="1070" cy="1335" r="8" fill="#ffffff"></circle><circle x="1070" y="1335" cx="1070" cy="1335" r="5" fill="#8e479b"></circle></g><g class="scheme-objects-view__station"><circle x="1167" y="1349" cx="1167" cy="1349" r="7" fill="#ffffff"></circle><circle x="1167" y="1349" cx="1167" cy="1349" r="5" fill="#8e479b"></circle></g><g class="scheme-objects-view__station"><circle x="1368" y="1349" cx="1368" cy="1349" r="7" fill="#ffffff"></circle><circle x="1368" y="1349" cx="1368" cy="1349" r="5" fill="#8e479b"></circle></g><g class="scheme-objects-view__station"><circle x="1593" y="1349" cx="1593" cy="1349" r="7" fill="#ffffff"></circle><circle x="1593" y="1349" cx="1593" cy="1349" r="5" fill="#8e479b"></circle></g><g class="scheme-objects-view__station"><circle x="1672" y="1430" cx="1672" cy="1430" r="7" fill="#ffffff"></circle><circle x="1672" y="1430" cx="1672" cy="1430" r="5" fill="#8e479b"></circle></g><g class="scheme-objects-view__station"><circle x="1850" y="1608" cx="1850" cy="1608" r="7" fill="#ffffff"></circle><circle x="1850" y="1608" cx="1850" cy="1608" r="5" fill="#8e479b"></circle></g><g class="scheme-objects-view__station"><circle x="1941" y="1645" cx="1941" cy="1645" r="7" fill="#ffffff"></circle><circle x="1941" y="1645" cx="1941" cy="1645" r="5" fill="#8e479b"></circle></g><g class="scheme-objects-view__station"><circle x="2060" y="1645" cx="2060" cy="1645" r="8" fill="#ffffff"></circle><circle x="2060" y="1645" cx="2060" cy="1645" r="5" fill="#8e479b"></circle></g><g class="scheme-objects-view__station"><circle x="2151" y="1645" cx="2151" cy="1645" r="7" fill="#ffffff"></circle><circle x="2151" y="1645" cx="2151" cy="1645" r="5" fill="#8e479b"></circle></g><g class="scheme-objects-view__station"><circle x="2235" y="1695" cx="2235" cy="1695" r="8" fill="#ffffff"></circle><circle x="2235" y="1695" cx="2235" cy="1695" r="5" fill="#8e479b"></circle></g><g class="scheme-objects-view__station"><circle x="2300" y="1760" cx="2300" cy="1760" r="8" fill="#ffffff"></circle><circle x="2300" y="1760" cx="2300" cy="1760" r="5" fill="#8e479b"></circle></g><g class="scheme-objects-view__station"><circle x="2355" y="1815" cx="2355" cy="1815" r="8" fill="#ffffff"></circle><circle x="2355" y="1815" cx="2355" cy="1815" r="5" fill="#8e479b"></circle></g><g class="scheme-objects-view__station"><circle x="2386" y="1868" cx="2386" cy="1868" r="7" fill="#ffffff"></circle><circle x="2386" y="1868" cx="2386" cy="1868" r="5" fill="#8e479b"></circle></g><g class="scheme-objects-view__station"><circle x="2386" y="1962" cx="2386" cy="1962" r="8" fill="#ffffff"></circle><circle x="2386" y="1962" cx="2386" cy="1962" r="5" fill="#8e479b"></circle></g><g class="scheme-objects-view__station"><circle x="2386" y="2032" cx="2386" cy="2032" r="8" fill="#ffffff"></circle><circle x="2386" y="2032" cx="2386" cy="2032" r="5" fill="#8e479b"></circle></g><g class="scheme-objects-view__station"><circle x="2462" y="1331" cx="2462" cy="1331" r="8" fill="#ffffff"></circle><circle x="2462" y="1331" cx="2462" cy="1331" r="5" fill="#ffc61a"></circle></g><g class="scheme-objects-view__station"><circle x="2362" y="1331" cx="2362" cy="1331" r="8" fill="#ffffff"></circle><circle x="2362" y="1331" cx="2362" cy="1331" r="5" fill="#ffc61a"></circle></g><g class="scheme-objects-view__station"><circle x="2262" y="1331" cx="2262" cy="1331" r="8" fill="#ffffff"></circle><circle x="2262" y="1331" cx="2262" cy="1331" r="5" fill="#ffc61a"></circle></g><g class="scheme-objects-view__station"><circle x="2162" y="1331" cx="2162" cy="1331" r="7" fill="#ffffff"></circle><circle x="2162" y="1331" cx="2162" cy="1331" r="5" fill="#ffc61a"></circle></g><g class="scheme-objects-view__station"><circle x="2030" y="1455" cx="2030" cy="1455" r="7" fill="#ffffff"></circle><circle x="2030" y="1455" cx="2030" cy="1455" r="5" fill="#ffc61a"></circle></g><g class="scheme-objects-view__station"><circle x="1959" y="1526" cx="1959" cy="1526" r="7" fill="#ffffff"></circle><circle x="1959" y="1526" cx="1959" cy="1526" r="5" fill="#ffc61a"></circle></g><g class="scheme-objects-view__station"><circle x="1829" y="1620" cx="1829" cy="1620" r="7" fill="#ffffff"></circle><circle x="1829" y="1620" cx="1829" cy="1620" r="5" fill="#ffc61a"></circle></g><g class="scheme-objects-view__station"><circle x="1624" y="1605" cx="1624" cy="1605" r="7" fill="#ffffff"></circle><circle x="1624" y="1605" cx="1624" cy="1605" r="5" fill="#ffc61a"></circle></g><g class="scheme-objects-view__station"><circle x="973" y="1477" cx="973" cy="1477" r="7" fill="#ffffff"></circle><circle x="973" y="1477" cx="973" cy="1477" r="5" fill="#ffc61a"></circle></g><g class="scheme-objects-view__station"><circle x="804" y="1646" cx="804" cy="1646" r="7" fill="#ffffff"></circle><circle x="804" y="1646" cx="804" cy="1646" r="5" fill="#ffc61a"></circle></g><g class="scheme-objects-view__station"><circle x="759" y="1722" cx="759" cy="1722" r="8" fill="#ffffff"></circle><circle x="759" y="1722" cx="759" cy="1722" r="5" fill="#ffc61a"></circle></g><g class="scheme-objects-view__station"><circle x="759" y="1778" cx="759" cy="1778" r="8" fill="#ffffff"></circle><circle x="759" y="1778" cx="759" cy="1778" r="5" fill="#ffc61a"></circle></g><g class="scheme-objects-view__station"><circle x="759" y="1831" cx="759" cy="1831" r="8" fill="#ffffff"></circle><circle x="759" y="1831" cx="759" cy="1831" r="5" fill="#ffc61a"></circle></g><g class="scheme-objects-view__station"><circle x="759" y="1889" cx="759" cy="1889" r="7" fill="#ffffff"></circle><circle x="759" y="1889" cx="759" cy="1889" r="5" fill="#ffc61a"></circle></g><g class="scheme-objects-view__station"><circle x="759" y="1957" cx="759" cy="1957" r="8" fill="#ffffff"></circle><circle x="759" y="1957" cx="759" cy="1957" r="5" fill="#ffc61a"></circle></g><g class="scheme-objects-view__station"><circle x="759" y="2007" cx="759" cy="2007" r="8" fill="#ffffff"></circle><circle x="759" y="2007" cx="759" cy="2007" r="6" fill="#333333"></circle></g><g class="scheme-objects-view__station"><circle x="759" y="2057" cx="759" cy="2057" r="8" fill="#ffffff"></circle><circle x="759" y="2057" cx="759" cy="2057" r="5" fill="#ffc61a"></circle></g><g class="scheme-objects-view__station"><circle x="759" y="2107" cx="759" cy="2107" r="8" fill="#ffffff"></circle><circle x="759" y="2107" cx="759" cy="2107" r="5" fill="#ffc61a"></circle></g><g class="scheme-objects-view__station"><circle x="759" y="2157" cx="759" cy="2157" r="8" fill="#ffffff"></circle><circle x="759" y="2157" cx="759" cy="2157" r="5" fill="#ffc61a"></circle></g><g class="scheme-objects-view__station"><circle x="759" y="2207" cx="759" cy="2207" r="8" fill="#ffffff"></circle><circle x="759" y="2207" cx="759" cy="2207" r="5" fill="#ffc61a"></circle></g><g class="scheme-objects-view__station"><circle x="1304" y="549" cx="1304" cy="549" r="8" fill="#ffffff"></circle><circle x="1304" y="549" cx="1304" cy="549" r="5" fill="#a1a2a3"></circle></g><g class="scheme-objects-view__station"><circle x="1304" y="599" cx="1304" cy="599" r="8" fill="#ffffff"></circle><circle x="1304" y="599" cx="1304" cy="599" r="5" fill="#a1a2a3"></circle></g><g class="scheme-objects-view__station"><circle x="1304" y="649" cx="1304" cy="649" r="8" fill="#ffffff"></circle><circle x="1304" y="649" cx="1304" cy="649" r="5" fill="#a1a2a3"></circle></g><g class="scheme-objects-view__station"><circle x="1304" y="709" cx="1304" cy="709" r="7" fill="#ffffff"></circle><circle x="1304" y="709" cx="1304" cy="709" r="5" fill="#a1a2a3"></circle></g><g class="scheme-objects-view__station"><circle x="1304" y="805" cx="1304" cy="805" r="7" fill="#ffffff"></circle><circle x="1304" y="805" cx="1304" cy="805" r="5" fill="#a1a2a3"></circle></g><g class="scheme-objects-view__station"><circle x="1304" y="877" cx="1304" cy="877" r="7" fill="#ffffff"></circle><circle x="1304" y="877" cx="1304" cy="877" r="6" fill="#333333"></circle></g><g class="scheme-objects-view__station"><circle x="1304" y="943" cx="1304" cy="943" r="7" fill="#ffffff"></circle><circle x="1304" y="943" cx="1304" cy="943" r="5" fill="#a1a2a3"></circle></g><g class="scheme-objects-view__station"><circle x="1320" y="1013" cx="1320" cy="1013" r="7" fill="#ffffff"></circle><circle x="1320" y="1013" cx="1320" cy="1013" r="5" fill="#a1a2a3"></circle></g><g class="scheme-objects-view__station"><circle x="1410" y="1103" cx="1410" cy="1103" r="7" fill="#ffffff"></circle><circle x="1410" y="1103" cx="1410" cy="1103" r="5" fill="#a1a2a3"></circle></g><g class="scheme-objects-view__station"><circle x="1487" y="1189" cx="1487" cy="1189" r="7" fill="#ffffff"></circle><circle x="1487" y="1189" cx="1487" cy="1189" r="5" fill="#a1a2a3"></circle></g><g class="scheme-objects-view__station"><circle x="1356" y="1329" cx="1356" cy="1329" r="7" fill="#ffffff"></circle><circle x="1356" y="1329" cx="1356" cy="1329" r="5" fill="#a1a2a3"></circle></g><g class="scheme-objects-view__station"><circle x="1357" y="1562" cx="1357" cy="1562" r="7" fill="#ffffff"></circle><circle x="1357" y="1562" cx="1357" cy="1562" r="5" fill="#a1a2a3"></circle></g><g class="scheme-objects-view__station"><circle x="1521" y="1724" cx="1521" cy="1724" r="8" fill="#ffffff"></circle><circle x="1521" y="1724" cx="1521" cy="1724" r="5" fill="#a1a2a3"></circle></g><g class="scheme-objects-view__station"><circle x="1572" y="1777" cx="1572" cy="1777" r="7" fill="#ffffff"></circle><circle x="1572" y="1777" cx="1572" cy="1777" r="5" fill="#a1a2a3"></circle></g><g class="scheme-objects-view__station"><circle x="1649" y="1854" cx="1649" cy="1854" r="8" fill="#ffffff"></circle><circle x="1649" y="1854" cx="1649" cy="1854" r="5" fill="#a1a2a3"></circle></g><g class="scheme-objects-view__station"><circle x="1672" y="1944" cx="1672" cy="1944" r="7" fill="#ffffff"></circle><circle x="1672" y="1944" cx="1672" cy="1944" r="6" fill="#333333"></circle></g><g class="scheme-objects-view__station"><circle x="1672" y="2001" cx="1672" cy="2001" r="8" fill="#ffffff"></circle><circle x="1672" y="2001" cx="1672" cy="2001" r="5" fill="#a1a2a3"></circle></g><g class="scheme-objects-view__station"><circle x="1672" y="2050" cx="1672" cy="2050" r="8" fill="#ffffff"></circle><circle x="1672" y="2050" cx="1672" cy="2050" r="5" fill="#a1a2a3"></circle></g><g class="scheme-objects-view__station"><circle x="1672" y="2107" cx="1672" cy="2107" r="7" fill="#ffffff"></circle><circle x="1672" y="2107" cx="1672" cy="2107" r="5" fill="#a1a2a3"></circle></g><g class="scheme-objects-view__station"><circle x="1672" y="2157" cx="1672" cy="2157" r="8" fill="#ffffff"></circle><circle x="1672" y="2157" cx="1672" cy="2157" r="5" fill="#a1a2a3"></circle></g><g class="scheme-objects-view__station"><circle x="1672" y="2207" cx="1672" cy="2207" r="8" fill="#ffffff"></circle><circle x="1672" y="2207" cx="1672" cy="2207" r="5" fill="#a1a2a3"></circle></g><g class="scheme-objects-view__station"><circle x="1672" y="2257" cx="1672" cy="2257" r="8" fill="#ffffff"></circle><circle x="1672" y="2257" cx="1672" cy="2257" r="5" fill="#a1a2a3"></circle></g><g class="scheme-objects-view__station"><circle x="1672" y="2307" cx="1672" cy="2307" r="8" fill="#ffffff"></circle><circle x="1672" y="2307" cx="1672" cy="2307" r="5" fill="#a1a2a3"></circle></g><g class="scheme-objects-view__station"><circle x="1672" y="2357" cx="1672" cy="2357" r="8" fill="#ffffff"></circle><circle x="1672" y="2357" cx="1672" cy="2357" r="5" fill="#a1a2a3"></circle></g><g class="scheme-objects-view__station"><circle x="1672" y="2408" cx="1672" cy="2408" r="7" fill="#ffffff"></circle><circle x="1672" y="2408" cx="1672" cy="2408" r="5" fill="#a1a2a3"></circle></g><g class="scheme-objects-view__station"><circle x="1080" y="565" cx="1080" cy="565" r="8" fill="#ffffff"></circle><circle x="1080" y="565" cx="1080" cy="565" r="5" fill="#b4d445"></circle></g><g class="scheme-objects-view__station"><circle x="1125" y="665" cx="1125" cy="665" r="8" fill="#ffffff"></circle><circle x="1125" y="665" cx="1125" cy="665" r="5" fill="#b4d445"></circle></g><g class="scheme-objects-view__station"><circle x="1240" y="780" cx="1240" cy="780" r="7" fill="#ffffff"></circle><circle x="1240" y="780" cx="1240" cy="780" r="5" fill="#b4d445"></circle></g><g class="scheme-objects-view__station"><circle x="1324" y="805" cx="1324" cy="805" r="7" fill="#ffffff"></circle><circle x="1324" y="805" cx="1324" cy="805" r="5" fill="#b4d445"></circle></g><g class="scheme-objects-view__station"><circle x="1415" y="842" cx="1415" cy="842" r="8" fill="#ffffff"></circle><circle x="1415" y="842" cx="1415" cy="842" r="5" fill="#b4d445"></circle></g><g class="scheme-objects-view__station"><circle x="1481" y="908" cx="1481" cy="908" r="8" fill="#ffffff"></circle><circle x="1481" y="908" cx="1481" cy="908" r="5" fill="#b4d445"></circle></g><g class="scheme-objects-view__station"><circle x="1508" y="990" cx="1508" cy="990" r="8" fill="#ffffff"></circle><circle x="1508" y="990" cx="1508" cy="990" r="5" fill="#b4d445"></circle></g><g class="scheme-objects-view__station"><circle x="1508" y="1055" cx="1508" cy="1055" r="8" fill="#ffffff"></circle><circle x="1508" y="1055" cx="1508" cy="1055" r="5" fill="#b4d445"></circle></g><g class="scheme-objects-view__station"><circle x="1508" y="1189" cx="1508" cy="1189" r="7" fill="#ffffff"></circle><circle x="1508" y="1189" cx="1508" cy="1189" r="5" fill="#b4d445"></circle></g><g class="scheme-objects-view__station"><circle x="1655" y="1313" cx="1655" cy="1313" r="7" fill="#ffffff"></circle><circle x="1655" y="1313" cx="1655" cy="1313" r="5" fill="#b4d445"></circle></g><g class="scheme-objects-view__station"><circle x="1862" y="1409" cx="1862" cy="1409" r="7" fill="#ffffff"></circle><circle x="1862" y="1409" cx="1862" cy="1409" r="5" fill="#b4d445"></circle></g><g class="scheme-objects-view__station"><circle x="1941" y="1508" cx="1941" cy="1508" r="7" fill="#ffffff"></circle><circle x="1941" y="1508" cx="1941" cy="1508" r="5" fill="#b4d445"></circle></g><g class="scheme-objects-view__station"><circle x="1941" y="1622" cx="1941" cy="1622" r="7" fill="#ffffff"></circle><circle x="1941" y="1622" cx="1941" cy="1622" r="5" fill="#b4d445"></circle></g><g class="scheme-objects-view__station"><circle x="1951" y="1704" cx="1951" cy="1704" r="7" fill="#ffffff"></circle><circle x="1951" y="1704" cx="1951" cy="1704" r="5" fill="#b4d445"></circle></g><g class="scheme-objects-view__station"><circle x="2020" y="1773" cx="2020" cy="1773" r="8" fill="#ffffff"></circle><circle x="2020" y="1773" cx="2020" cy="1773" r="5" fill="#b4d445"></circle></g><g class="scheme-objects-view__station"><circle x="2097" y="1850" cx="2097" cy="1850" r="8" fill="#ffffff"></circle><circle x="2097" y="1850" cx="2097" cy="1850" r="5" fill="#b4d445"></circle></g><g class="scheme-objects-view__station"><circle x="2177" y="1930" cx="2177" cy="1930" r="8" fill="#ffffff"></circle><circle x="2177" y="1930" cx="2177" cy="1930" r="5" fill="#b4d445"></circle></g><g class="scheme-objects-view__station"><circle x="2223" y="2000" cx="2223" cy="2000" r="8" fill="#ffffff"></circle><circle x="2223" y="2000" cx="2223" cy="2000" r="5" fill="#b4d445"></circle></g><g class="scheme-objects-view__station"><circle x="2223" y="2060" cx="2223" cy="2060" r="8" fill="#ffffff"></circle><circle x="2223" y="2060" cx="2223" cy="2060" r="5" fill="#b4d445"></circle></g><g class="scheme-objects-view__station"><circle x="2223" y="2120" cx="2223" cy="2120" r="8" fill="#ffffff"></circle><circle x="2223" y="2120" cx="2223" cy="2120" r="5" fill="#b4d445"></circle></g><g class="scheme-objects-view__station"><circle x="2223" y="2180" cx="2223" cy="2180" r="8" fill="#ffffff"></circle><circle x="2223" y="2180" cx="2223" cy="2180" r="5" fill="#b4d445"></circle></g><g class="scheme-objects-view__station"><circle x="2223" y="2240" cx="2223" cy="2240" r="8" fill="#ffffff"></circle><circle x="2223" y="2240" cx="2223" cy="2240" r="5" fill="#b4d445"></circle></g><g class="scheme-objects-view__station"><circle x="2223" y="2300" cx="2223" cy="2300" r="7" fill="#ffffff"></circle><circle x="2223" y="2300" cx="2223" cy="2300" r="5" fill="#b4d445"></circle></g><g class="scheme-objects-view__station"><circle x="955" y="1465" cx="955" cy="1465" r="7" fill="#ffffff"></circle><circle x="955" y="1465" cx="955" cy="1465" r="5" fill="#6ac9c8"></circle></g><g class="scheme-objects-view__station"><circle x="904" y="1319" cx="904" cy="1319" r="7" fill="#ffffff"></circle><circle x="904" y="1319" cx="904" cy="1319" r="5" fill="#6ac9c8"></circle></g><g class="scheme-objects-view__station"><circle x="933" y="1220" cx="933" cy="1220" r="7" fill="#ffffff"></circle><circle x="933" y="1220" cx="933" cy="1220" r="5" fill="#6ac9c8"></circle><circle x="933" y="1220" cx="933" cy="1220" r="7" fill="#ffffff"></circle><circle x="933" y="1220" cx="933" cy="1220" r="5" fill="#6ac9c8"></circle></g><g class="scheme-objects-view__station"><circle x="1008" y="1145" cx="1008" cy="1145" r="5" fill="#ffffff"></circle><circle x="1008" y="1145" cx="1008" cy="1145" r="5" fill="#6ac9c8"></circle><circle x="1008" y="1145" cx="1008" cy="1145" r="5" fill="#ffffff"></circle><circle x="1008" y="1145" cx="1008" cy="1145" r="5" fill="#6ac9c8"></circle></g><g class="scheme-objects-view__station"><circle x="1150" y="1117" cx="1150" cy="1117" r="7" fill="#ffffff"></circle><circle x="1150" y="1117" cx="1150" cy="1117" r="5" fill="#6ac9c8"></circle><circle x="1150" y="1117" cx="1150" cy="1117" r="7" fill="#ffffff"></circle><circle x="1150" y="1117" cx="1150" cy="1117" r="5" fill="#6ac9c8"></circle></g><g class="scheme-objects-view__station"><circle x="1301" y="1013" cx="1301" cy="1013" r="7" fill="#ffffff"></circle><circle x="1301" y="1013" cx="1301" cy="1013" r="5" fill="#6ac9c8"></circle><circle x="1301" y="1013" cx="1301" cy="1013" r="7" fill="#ffffff"></circle><circle x="1301" y="1013" cx="1301" cy="1013" r="5" fill="#6ac9c8"></circle></g><g class="scheme-objects-view__station"><circle x="1431" y="2348" cx="1431" cy="2348" r="7" fill="#ffffff"></circle><circle x="1431" y="2348" cx="1431" cy="2348" r="5" fill="#acbfe3"></circle></g><g class="scheme-objects-view__station"><circle x="1558" y="2348" cx="1558" cy="2348" r="8" fill="#ffffff"></circle><circle x="1558" y="2348" cx="1558" cy="2348" r="5" fill="#acbfe3"></circle></g><g class="scheme-objects-view__station"><circle x="1648" y="2408" cx="1648" cy="2408" r="7" fill="#ffffff"></circle><circle x="1648" y="2408" cx="1648" cy="2408" r="5" fill="#acbfe3"></circle></g><g class="scheme-objects-view__station"><circle x="1648" y="2477" cx="1648" cy="2477" r="8" fill="#ffffff"></circle><circle x="1648" y="2477" cx="1648" cy="2477" r="5" fill="#acbfe3"></circle></g><g class="scheme-objects-view__station"><circle x="1648" y="2547" cx="1648" cy="2547" r="8" fill="#ffffff"></circle><circle x="1648" y="2547" cx="1648" cy="2547" r="5" fill="#acbfe3"></circle></g><g class="scheme-objects-view__station"><circle x="1648" y="2612" cx="1648" cy="2612" r="8" fill="#ffffff"></circle><circle x="1648" y="2612" cx="1648" cy="2612" r="5" fill="#acbfe3"></circle></g><g class="scheme-objects-view__station"><circle x="1648" y="2677" cx="1648" cy="2677" r="8" fill="#ffffff"></circle><circle x="1648" y="2677" cx="1648" cy="2677" r="5" fill="#acbfe3"></circle></g><g class="scheme-objects-view__station"><circle x="1651" y="715" cx="1651" cy="715" r="7" fill="#ffffff"></circle><circle x="1651" y="715" cx="1651" cy="715" r="5" fill="#ffa8af"></circle></g><g class="scheme-objects-view__station"><circle x="1304" y="729" cx="1304" cy="729" r="7" fill="#ffffff"></circle><circle x="1304" y="729" cx="1304" cy="729" r="5" fill="#ffa8af"></circle></g><g class="scheme-objects-view__station"><circle x="1240" y="754" cx="1240" cy="754" r="7" fill="#ffffff"></circle><circle x="1240" y="754" cx="1240" cy="754" r="5" fill="#ffa8af"></circle></g><g class="scheme-objects-view__station"><circle x="1138" y="813" cx="1138" cy="813" r="8" fill="#ffffff"></circle><circle x="1138" y="813" cx="1138" cy="813" r="5" fill="#ffa8af"></circle></g><g class="scheme-objects-view__station"><circle x="1076" y="865" cx="1076" cy="865" r="8" fill="#ffffff"></circle><circle x="1076" y="865" cx="1076" cy="865" r="5" fill="#ffa8af"></circle></g><g class="scheme-objects-view__station"><circle x="1023" y="919" cx="1023" cy="919" r="7" fill="#ffffff"></circle><circle x="1023" y="919" cx="1023" cy="919" r="5" fill="#ffa8af"></circle></g><g class="scheme-objects-view__station"><circle x="973" y="990" cx="973" cy="990" r="7" fill="#ffffff"></circle><circle x="973" y="990" cx="973" cy="990" r="5" fill="#ffa8af"></circle></g><g class="scheme-objects-view__station"><circle x="929" y="1075" cx="929" cy="1075" r="7" fill="#ffffff"></circle><circle x="929" y="1075" cx="929" cy="1075" r="5" fill="#ffa8af"></circle></g><g class="scheme-objects-view__station"><circle x="911" y="1123" cx="911" cy="1123" r="7" fill="#ffffff"></circle><circle x="911" y="1123" cx="911" cy="1123" r="5" fill="#ffa8af"></circle></g><g class="scheme-objects-view__station"><circle x="892" y="1198" cx="892" cy="1198" r="7" fill="#ffffff"></circle><circle x="892" y="1198" cx="892" cy="1198" r="5" fill="#ffa8af"></circle></g><g class="scheme-objects-view__station"><circle x="881" y="1296" cx="881" cy="1296" r="7" fill="#ffffff"></circle><circle x="881" y="1296" cx="881" cy="1296" r="5" fill="#ffa8af"></circle></g><g class="scheme-objects-view__station"><circle x="883" y="1387" cx="883" cy="1387" r="7" fill="#ffffff"></circle><circle x="883" y="1387" cx="883" cy="1387" r="5" fill="#ffa8af"></circle></g><g class="scheme-objects-view__station"><circle x="958" y="1617" cx="958" cy="1617" r="7" fill="#ffffff"></circle><circle x="958" y="1617" cx="958" cy="1617" r="5" fill="#ffa8af"></circle></g><g class="scheme-objects-view__station"><circle x="1104" y="1794" cx="1104" cy="1794" r="7" fill="#ffffff"></circle><circle x="1104" y="1794" cx="1104" cy="1794" r="5" fill="#ffa8af"></circle></g><g class="scheme-objects-view__station"><circle x="1320" y="1911" cx="1320" cy="1911" r="7" fill="#ffffff"></circle><circle x="1320" y="1911" cx="1320" cy="1911" r="5" fill="#ffa8af"></circle></g><g class="scheme-objects-view__station"><circle x="1541" y="1938" cx="1541" cy="1938" r="8" fill="#ffffff"></circle><circle x="1541" y="1938" cx="1541" cy="1938" r="5" fill="#ffa8af"></circle></g><g class="scheme-objects-view__station"><circle x="1720" y="1897" cx="1720" cy="1897" r="7" fill="#ffffff"></circle><circle x="1720" y="1897" cx="1720" cy="1897" r="5" fill="#ffa8af"></circle></g><g class="scheme-objects-view__station"><circle x="1805" y="1858" cx="1805" cy="1858" r="8" fill="#ffffff"></circle><circle x="1805" y="1858" cx="1805" cy="1858" r="5" fill="#ffa8af"></circle></g><g class="scheme-objects-view__station"><circle x="1893" y="1798" cx="1893" cy="1798" r="7" fill="#ffffff"></circle><circle x="1893" y="1798" cx="1893" cy="1798" r="5" fill="#ffa8af"></circle></g><g class="scheme-objects-view__station"><circle x="1951" y="1744" cx="1951" cy="1744" r="7" fill="#ffffff"></circle><circle x="1951" y="1744" cx="1951" cy="1744" r="5" fill="#ffa8af"></circle></g><g class="scheme-objects-view__station"><circle x="1988" y="1705" cx="1988" cy="1705" r="8" fill="#ffffff"></circle><circle x="1988" y="1705" cx="1988" cy="1705" r="5" fill="#ffa8af"></circle></g><g class="scheme-objects-view__station"><circle x="2055" y="1600" cx="2055" cy="1600" r="7" fill="#ffffff"></circle><circle x="2055" y="1600" cx="2055" cy="1600" r="5" fill="#ffa8af"></circle></g><g class="scheme-objects-view__station"><circle x="2103" y="1470" cx="2103" cy="1470" r="7" fill="#ffffff"></circle><circle x="2103" y="1470" cx="2103" cy="1470" r="5" fill="#ffa8af"></circle></g><g class="scheme-objects-view__station"><circle x="2115" y="1406" cx="2115" cy="1406" r="8" fill="#ffffff"></circle><circle x="2115" y="1406" cx="2115" cy="1406" r="5" fill="#ffa8af"></circle></g><g class="scheme-objects-view__station"><circle x="2122" y="1331" cx="2122" cy="1331" r="7" fill="#ffffff"></circle><circle x="2122" y="1331" cx="2122" cy="1331" r="5" fill="#ffa8af"></circle></g><g class="scheme-objects-view__station"><circle x="2118" y="1245" cx="2118" cy="1245" r="8" fill="#ffffff"></circle><circle x="2118" y="1245" cx="2118" cy="1245" r="5" fill="#ffa8af"></circle></g><g class="scheme-objects-view__station"><circle x="2100" y="1154" cx="2100" cy="1154" r="7" fill="#ffffff"></circle><circle x="2100" y="1154" cx="2100" cy="1154" r="5" fill="#ffa8af"></circle></g><g class="scheme-objects-view__station"><circle x="1977" y="918" cx="1977" cy="918" r="7" fill="#ffffff"></circle><circle x="1977" y="918" cx="1977" cy="918" r="5" fill="#ffa8af"></circle></g><g class="scheme-objects-view__station"><circle x="1892" y="835" cx="1892" cy="835" r="7" fill="#ffffff"></circle><circle x="1892" y="835" cx="1892" cy="835" r="5" fill="#ffa8af"></circle></g><g class="scheme-objects-view__station"><circle x="1842" y="798" cx="1842" cy="798" r="8" fill="#ffffff"></circle><circle x="1842" y="798" cx="1842" cy="798" r="5" fill="#ffa8af"></circle></g><g class="scheme-objects-view__station"><circle x="1784" y="765" cx="1784" cy="765" r="8" fill="#ffffff"></circle><circle x="1784" y="765" cx="1784" cy="765" r="5" fill="#ffa8af"></circle></g><g class="scheme-objects-view__station"><circle x="1995" y="1262" cx="1995" cy="1262" r="7" fill="#ffffff"></circle><circle x="1995" y="1262" cx="1995" cy="1262" r="5" fill="#e66ac0"></circle></g><g class="scheme-objects-view__station"><circle x="1995" y="1360" cx="1995" cy="1360" r="8" fill="#ffffff"></circle><circle x="1995" y="1360" cx="1995" cy="1360" r="5" fill="#e66ac0"></circle></g><g class="scheme-objects-view__station"><circle x="2030" y="1420" cx="2030" cy="1420" r="7" fill="#ffffff"></circle><circle x="2030" y="1420" cx="2030" cy="1420" r="5" fill="#e66ac0"></circle></g><g class="scheme-objects-view__station"><circle x="2103" y="1493" cx="2103" cy="1493" r="7" fill="#ffffff"></circle><circle x="2103" y="1493" cx="2103" cy="1493" r="5" fill="#e66ac0"></circle></g><g class="scheme-objects-view__station"><circle x="2180" y="1570" cx="2180" cy="1570" r="8" fill="#ffffff"></circle><circle x="2180" y="1570" cx="2180" cy="1570" r="5" fill="#e66ac0"></circle></g><g class="scheme-objects-view__station"><circle x="2270" y="1695" cx="2270" cy="1695" r="8" fill="#ffffff"></circle><circle x="2270" y="1695" cx="2270" cy="1695" r="5" fill="#e66ac0"></circle></g><g class="scheme-objects-view__station"><circle x="2289" y="1815" cx="2289" cy="1815" r="8" fill="#ffffff"></circle><circle x="2289" y="1815" cx="2289" cy="1815" r="5" fill="#e66ac0"></circle></g><g class="scheme-objects-view__station"><circle x="2386" y="1892" cx="2386" cy="1892" r="7" fill="#ffffff"></circle><circle x="2386" y="1892" cx="2386" cy="1892" r="5" fill="#e66ac0"></circle></g><g class="scheme-objects-view__station"><circle x="2568" y="1922" cx="2568" cy="1922" r="8" fill="#ffffff"></circle><circle x="2568" y="1922" cx="2568" cy="1922" r="5" fill="#e66ac0"></circle></g><g class="scheme-objects-view__station"><circle x="2568" y="1977" cx="2568" cy="1977" r="8" fill="#ffffff"></circle><circle x="2568" y="1977" cx="2568" cy="1977" r="5" fill="#e66ac0"></circle></g><g class="scheme-objects-view__station"><circle x="2568" y="2032" cx="2568" cy="2032" r="8" fill="#ffffff"></circle><circle x="2568" y="2032" cx="2568" cy="2032" r="5" fill="#e66ac0"></circle></g><g class="scheme-objects-view__station"><circle x="1265" y="199" cx="1265" cy="199" r="8" fill="#ffffff"></circle><circle x="1265" y="199" cx="1265" cy="199" r="5" fill="#faa400"></circle></g><g class="scheme-objects-view__station"><circle x="1265" y="249" cx="1265" cy="249" r="8" fill="#ffffff"></circle><circle x="1265" y="249" cx="1265" cy="249" r="5" fill="#faa400"></circle></g><g class="scheme-objects-view__station"><circle x="1265" y="299" cx="1265" cy="299" r="8" fill="#ffffff"></circle><circle x="1265" y="299" cx="1265" cy="299" r="5" fill="#faa400"></circle></g><g class="scheme-objects-view__station"><circle x="1265" y="349" cx="1265" cy="349" r="8" fill="#ffffff"></circle><circle x="1265" y="349" cx="1265" cy="349" r="5" fill="#faa400"></circle></g><g class="scheme-objects-view__station"><circle x="1265" y="399" cx="1265" cy="399" r="8" fill="#ffffff"></circle><circle x="1265" y="399" cx="1265" cy="399" r="5" fill="#faa400"></circle></g><g class="scheme-objects-view__station"><circle x="1265" y="449" cx="1265" cy="449" r="8" fill="#ffffff"></circle><circle x="1265" y="449" cx="1265" cy="449" r="5" fill="#faa400"></circle></g><g class="scheme-objects-view__station"><circle x="1265" y="499" cx="1265" cy="499" r="8" fill="#ffffff"></circle><circle x="1265" y="499" cx="1265" cy="499" r="5" fill="#faa400"></circle></g><g class="scheme-objects-view__station"><circle x="1265" y="549" cx="1265" cy="549" r="8" fill="#ffffff"></circle><circle x="1265" y="549" cx="1265" cy="549" r="5" fill="#faa400"></circle></g><g class="scheme-objects-view__station"><circle x="1265" y="599" cx="1265" cy="599" r="8" fill="#ffffff"></circle><circle x="1265" y="599" cx="1265" cy="599" r="5" fill="#faa400"></circle></g><g class="scheme-objects-view__station"><circle x="1265" y="648" cx="1265" cy="648" r="8" fill="#ffffff"></circle><circle x="1265" y="648" cx="1265" cy="648" r="5" fill="#faa400"></circle></g><g class="scheme-objects-view__station"><circle x="1265" y="770" cx="1265" cy="770" r="7" fill="#ffffff"></circle><circle x="1265" y="770" cx="1265" cy="770" r="5" fill="#faa400"></circle></g><g class="scheme-objects-view__station"><circle x="1265" y="877" cx="1265" cy="877" r="7" fill="#ffffff"></circle><circle x="1265" y="877" cx="1265" cy="877" r="5" fill="#faa400"></circle></g><g class="scheme-objects-view__station"><circle x="1265" y="1013" cx="1265" cy="1013" r="7" fill="#ffffff"></circle><circle x="1265" y="1013" cx="1265" cy="1013" r="6" fill="#333333"></circle></g><g class="scheme-objects-view__station"><circle x="1223" y="1137" cx="1223" cy="1137" r="7" fill="#ffffff"></circle><circle x="1223" y="1137" cx="1223" cy="1137" r="6" fill="#333333"></circle></g><g class="scheme-objects-view__station"><circle x="1048" y="1312" cx="1048" cy="1312" r="7" fill="#ffffff"></circle><circle x="1048" y="1312" cx="1048" cy="1312" r="5" fill="#faa400"></circle></g><g class="scheme-objects-view__station"><circle x="973" y="1387" cx="973" cy="1387" r="7" fill="#ffffff"></circle><circle x="973" y="1387" cx="973" cy="1387" r="5" fill="#faa400"></circle></g><g class="scheme-objects-view__station"><circle x="815" y="1545" cx="815" cy="1545" r="7" fill="#ffffff"></circle><circle x="815" y="1545" cx="815" cy="1545" r="5" fill="#faa400"></circle></g><g class="scheme-objects-view__station"><circle x="645" y="1485" cx="645" cy="1485" r="7" fill="#ffffff"></circle><circle x="645" y="1485" cx="645" cy="1485" r="5" fill="#faa400"></circle></g><g class="scheme-objects-view__station"><circle x="550" y="1390" cx="550" cy="1390" r="7" fill="#ffffff"></circle><circle x="550" y="1390" cx="550" cy="1390" r="5" fill="#faa400"></circle></g><g class="scheme-objects-view__station"><circle x="500" y="1340" cx="500" cy="1340" r="8" fill="#ffffff"></circle><circle x="500" y="1340" cx="500" cy="1340" r="5" fill="#faa400"></circle></g><g class="scheme-objects-view__station"><circle x="450" y="1290" cx="450" cy="1290" r="8" fill="#ffffff"></circle><circle x="450" y="1290" cx="450" cy="1290" r="5" fill="#faa400"></circle></g><g class="scheme-objects-view__station"><circle x="420" y="1235" cx="420" cy="1235" r="8" fill="#ffffff"></circle><circle x="420" y="1235" cx="420" cy="1235" r="5" fill="#faa400"></circle></g><g class="scheme-objects-view__station"><circle x="420" y="1185" cx="420" cy="1185" r="8" fill="#ffffff"></circle><circle x="420" y="1185" cx="420" cy="1185" r="5" fill="#faa400"></circle></g><g class="scheme-objects-view__station"><circle x="420" y="1135" cx="420" cy="1135" r="8" fill="#ffffff"></circle><circle x="420" y="1135" cx="420" cy="1135" r="5" fill="#faa400"></circle></g><g class="scheme-objects-view__station"><circle x="420" y="1085" cx="420" cy="1085" r="8" fill="#ffffff"></circle><circle x="420" y="1085" cx="420" cy="1085" r="5" fill="#faa400"></circle></g></svg>